<?xml version="1.0" encoding="UTF-8"?>
<!--

     Copyright 2005-2018 Red Hat, Inc.

     Red Hat licenses this file to you under the Apache License, version
     2.0 (the "License"); you may not use this file except in compliance
     with the License.  You may obtain a copy of the License at

        http://www.apache.org/licenses/LICENSE-2.0

     Unless required by applicable law or agreed to in writing, software
     distributed under the License is distributed on an "AS IS" BASIS,
     WITHOUT WARRANTIES OR CONDITIONS OF ANY KIND, either express or
     implied.  See the License for the specific language governing
     permissions and limitations under the License.

-->
<!-- Configures the Camel Context -->

<blueprint xmlns="http://www.osgi.org/xmlns/blueprint/v1.0.0"
    xmlns:xsi="http://www.w3.org/2001/XMLSchema-instance" xmlns:camel="http://camel.apache.org/schema/blueprint"
    xsi:schemaLocation="
       http://www.osgi.org/xmlns/blueprint/v1.0.0 https://www.osgi.org/xmlns/blueprint/v1.0.0/blueprint.xsd
       http://camel.apache.org/schema/blueprint http://camel.apache.org/schema/blueprint/camel-blueprint.xsd">

    <!-- Configures the Inbound and Outbound SAP Connections -->
    <bean id="sap-configuration" class="org.fusesource.camel.component.sap.SapConnectionConfiguration" activation="eager">
        <property name="destinationDataStore">
            <map>
                <entry key="quickstartDest" value-ref="quickstartDestinationData" />
            </map>
        </property>
        <property name="serverDataStore">
            <map>
                <entry key="quickstartServer" value-ref="quickstartServerData" />
            </map>
        </property>
    </bean>


    <!-- Configures an Outbound SAP Connection -->
    <!-- *** Please enter the connection property values for your environment *** -->
    <bean id="quickstartDestinationData"
        class="org.fusesource.camel.component.sap.model.rfc.impl.DestinationDataImpl">
        <property name="ashost" value="example.com" />
        <property name="sysnr" value="00" />
        <property name="client" value="000" />
        <property name="user" value="username" />
        <property name="passwd" value="password" />
        <property name="lang" value="en" />
    </bean>

    <!-- Configures an Inbound SAP Configuration -->
    <!-- *** Please enter the connection property values for your environment *** -->
    <bean id="quickstartServerData"
        class="org.fusesource.camel.component.sap.model.rfc.impl.ServerDataImpl">
        <property name="gwhost" value="example.com" />
        <property name="gwserv" value="3300" />
        <!-- The following property values should not be changed -->
        <property name="progid" value="QUICKSTART" />
        <property name="repositoryDestination" value="quickstartDest" />
        <property name="connectionCount" value="2" />
    </bean>
    
    <!-- Demonstrates SAP Synchronous RFC Destination Component -->
	<camelContext trace="false" id="sap-srfc-destination-fuse-context" xmlns="http://camel.apache.org/schema/blueprint">
	    <route id="sap-srfc-destination-fuse-route">
	        <from uri="file:work/camel-sap/input"/>
	        <convertBodyTo type="java.lang.String"/>
	        <log message="${body}" loggingLevel="INFO"/>
	        <to uri="sap-srfc-destination:quickstartDest:BAPI_FLCUST_GETLIST"/>
	        <log message="${body}" loggingLevel="INFO"/>
	    </route>
	</camelContext>
	
	<!-- Demonstrates SAP Synchronous RFC Server Component  -->
	<camelContext trace="false" id="sap-srfc-server-fuse-context" xmlns="http://camel.apache.org/schema/blueprint">
	    <route id="sap-srfc-server-fuse-route">
	        <from uri="sap-srfc-server:quickstartServer:BAPI_FLCUST_GETLIST"/>
	        <convertBodyTo type="java.lang.String"/>
	        <log message="${body}" loggingLevel="INFO"/>
	        <transform>
	            <simple resultType="java.io.File">work/camel-sap/data/response.xml</simple>
	        </transform>
	        <convertBodyTo type="java.lang.String"/>
	        <log message="${body}" loggingLevel="INFO"/>
	    </route>
	</camelContext>

</blueprint>
