<?xml version="1.0" encoding="UTF-8"?>
<!--
	First install the H2 driver using:
	> install -s mvn:com.h2database/h2/1.3.163

	Then copy this file to the deploy folder
-->
<blueprint xmlns="http://www.osgi.org/xmlns/blueprint/v1.0.0">

  <manifest xmlns="http://karaf.apache.org/xmlns/deployer/blueprint/v1.0.0">
      Bundle-SymbolicName = Fuse Quick Starts - H2 Sample Datasource
  </manifest>

	<bean id="dataSource" class="org.h2.jdbcx.JdbcDataSource">
		<property name="URL" value="jdbc:h2:file:/tmp/h2/db;AUTO_SERVER=TRUE;AUTOCOMMIT=FALSE;DB_CLOSE_ON_EXIT=FALSE;INIT=runscript from '~/create.sql'" />
		<property name="user" value="sa" />
		<property name="password" value="" />
	</bean>
	<service interface="javax.sql.DataSource" ref="dataSource">
		<service-properties>
			<entry key="osgi.jndi.service.name" value="jdbc/h2ds" />
			<entry key="aries.xa.name" value="transactionsdb" /><!-- Irrelevant for non-XA datasources -->
			<entry key="aries.xa.username" value="sa" />
			<entry key="aries.xa.password" value="" />
			<entry key="aries.xa.pooling" value="true" />
			<entry key="aries.xa.poolMaxSize" value="10" />
			<entry key="aries.xa.poolMinSize" value="0" />
			<entry key="aries.xa.transaction" value="local" /><!-- default for javax.sql.DataSource -->
			<entry key="aries.xa.exceptionSorter" value="known" />
		</service-properties>
	</service>
</blueprint>
