<?xml version="1.0" encoding="UTF-8"?>
<blueprint xmlns="http://www.osgi.org/xmlns/blueprint/v1.0.0"
	xmlns:xsi="http://www.w3.org/2001/XMLSchema-instance" xmlns:camel="http://camel.apache.org/schema/blueprint"
	xsi:schemaLocation="
             http://www.osgi.org/xmlns/blueprint/v1.0.0 http://www.osgi.org/xmlns/blueprint/v1.0.0/blueprint.xsd
             http://cxf.apache.org/blueprint/core http://cxf.apache.org/schemas/blueprint/core.xsd
             ">

	<!-- Configures Hello Service -->
	<bean id="helloService"
		class="com.redhat.consulting.fusequickstarts.karaf.osgi_service.service.impl.HelloServiceImpl">
		<property name="message" value="This is a Default Blueprint Message" />
	</bean>

	<!-- Expose the Hello Service as an OSGI Service -->
	<service ref="helloService"
		interface="com.redhat.consulting.fusequickstarts.karaf.osgi_service.service.api.IHelloService">
		<service-properties>
			<entry key="name" value="bp-helloService" />
		</service-properties>
	</service>

</blueprint>