<?xml version="1.0" encoding="UTF-8"?>
<!--

     Copyright 2005-2018 Red Hat, Inc.

     Red Hat licenses this file to you under the Apache License, version
     2.0 (the "License"); you may not use this file except in compliance
     with the License.  You may obtain a copy of the License at

        http://www.apache.org/licenses/LICENSE-2.0

     Unless required by applicable law or agreed to in writing, software
     distributed under the License is distributed on an "AS IS" BASIS,
     WITHOUT WARRANTIES OR CONDITIONS OF ANY KIND, either express or
     implied.  See the License for the specific language governing
     permissions and limitations under the License.

-->
<blueprint xmlns="http://www.osgi.org/xmlns/blueprint/v1.0.0"
        xmlns:xsi="http://www.w3.org/2001/XMLSchema-instance"
        xsi:schemaLocation="http://www.osgi.org/xmlns/blueprint/v1.0.0 https://www.osgi.org/xmlns/blueprint/v1.0.0/blueprint.xsd">

    <!--
        Broker-specific, non-pooling, non-enlisting javax.jms.XAConnectionFactory
    -->
    <bean id="artemis" class="org.apache.activemq.artemis.jms.client.ActiveMQXAConnectionFactory">
        <argument value="tcp://localhost:61616" />
        <argument value="fuse" />
        <argument value="fuse" />
        <property name="callTimeout" value="2000" />
        <property name="initialConnectAttempts" value="3" />
    </bean>

    <!--
        Expose broker-specific connection factory with service properties
        No need to expose pooling, enlisting, non broker-specific javax.jms.XAConnectionFactory - it'll be registered
        automatically by pax-jms-config with the same properties as this <service>, but with higher service.ranking
    -->
    <service id="pool" ref="artemis" interface="javax.jms.XAConnectionFactory">
        <service-properties>
            <!-- "pool" key is needed for pax-jms-config to wrap broker-specific connection factory inside connection pool -->
            <entry key="pool" value="narayana" />
            <entry key="xa" value="true" />
            <entry key="osgi.jndi.service.name" value="jms/artemisXAConnectionFactory" />
            <entry key="pool.maxConnections" value="10" />
            <entry key="pool.idleTimeout" value="10000" />
        </service-properties>
    </service>

</blueprint>
