<?xml version="1.0" encoding="UTF-8"?>
<!--

     Copyright 2005-2018 Red Hat, Inc.

     Red Hat licenses this file to you under the Apache License, version
     2.0 (the "License"); you may not use this file except in compliance
     with the License.  You may obtain a copy of the License at

        http://www.apache.org/licenses/LICENSE-2.0

     Unless required by applicable law or agreed to in writing, software
     distributed under the License is distributed on an "AS IS" BASIS,
     WITHOUT WARRANTIES OR CONDITIONS OF ANY KIND, either express or
     implied.  See the License for the specific language governing
     permissions and limitations under the License.

-->
<blueprint xmlns="http://www.osgi.org/xmlns/blueprint/v1.0.0"
        xmlns:xsi="http://www.w3.org/2001/XMLSchema-instance"
        xsi:schemaLocation="http://www.osgi.org/xmlns/blueprint/v1.0.0 https://www.osgi.org/xmlns/blueprint/v1.0.0/blueprint.xsd">

    <!--
        Database-specific, non-pooling, non-enlisting javax.sql.XADataSource
    -->
    <bean id="postgresXADataSource" class="org.postgresql.xa.PGXADataSource">
        <property name="url" value="jdbc:postgresql://localhost:5432/reportdb" />
        <property name="user" value="fuse" />
        <property name="password" value="fuse" />
        <property name="currentSchema" value="public" />
        <property name="connectTimeout" value="5" />
    </bean>

    <service id="pool" ref="postgresXADataSource" interface="javax.sql.XADataSource">
        <service-properties>
            <!-- "pool" key is needed for pax-jdbc-config to wrap database-specific data source inside connection pool -->
            <entry key="pool" value="narayana" />
            <entry key="xa" value="true" />
            <entry key="osgi.jndi.service.name" value="jdbc/postgresDS" />
            <!-- Other properties that configure given connection pool, as indicated by pool=narayana -->
            <entry key="pool.minIdle" value="2" />
            <entry key="pool.maxTotal" value="10" />
            <entry key="pool.blockWhenExhausted" value="true" />
            <entry key="pool.maxWaitMillis" value="2000" />
            <entry key="pool.testOnBorrow" value="true" />
            <entry key="pool.testWhileIdle" value="false" />
        </service-properties>
    </service>

</blueprint>
