<?xml version="1.0" encoding="UTF-8"?>
<blueprint xmlns="http://www.osgi.org/xmlns/blueprint/v1.0.0"
	xmlns:xsi="http://www.w3.org/2001/XMLSchema-instance" xmlns:cm="http://aries.apache.org/blueprint/xmlns/blueprint-cm/v1.0.0"
	xmlns:jaxws="http://cxf.apache.org/blueprint/jaxws" xmlns:camel="http://camel.apache.org/schema/blueprint"
	xsi:schemaLocation="
             http://www.osgi.org/xmlns/blueprint/v1.0.0 http://www.osgi.org/xmlns/blueprint/v1.0.0/blueprint.xsd
             http://cxf.apache.org/blueprint/jaxws http://cxf.apache.org/schemas/blueprint/jaxws.xsd
             http://cxf.apache.org/blueprint/core http://cxf.apache.org/schemas/blueprint/core.xsd
             ">
             
	<!-- The bean for our route -->
	<bean id="sampleRoute"
		class="com.redhat.consulting.fusequickstarts.karaf.deployment.route.SampleRoute" />

	<!-- The camel context which registers the route -->
	<camel:camelContext id="camel"
		xmlns="http://camel.apache.org/schema/blueprint">
		<!-- Explicitly Adding the First Sample Route -->
		<camel:routeBuilder ref="sampleRoute" />

		<!-- Package Scanning finds the Second Sample Route -->
		<packageScan>
			<package>com.redhat.consulting.fusequickstarts.karaf.deployment.route.scan</package>
		</packageScan>
	</camel:camelContext>

</blueprint>