<?xml version="1.0" encoding="UTF-8"?>
<blueprint xmlns="http://www.osgi.org/xmlns/blueprint/v1.0.0"
	xmlns:xsi="http://www.w3.org/2001/XMLSchema-instance" xmlns:cm="http://aries.apache.org/blueprint/xmlns/blueprint-cm/v1.0.0"
	xmlns:jaxws="http://cxf.apache.org/blueprint/jaxws" xmlns:camel="http://camel.apache.org/schema/blueprint"
	xmlns:cxf="http://camel.apache.org/schema/blueprint/cxf"
	xsi:schemaLocation=" http://www.osgi.org/xmlns/blueprint/v1.0.0 http://www.osgi.org/xmlns/blueprint/v1.0.0/blueprint.xsd http://cxf.apache.org/blueprint/core http://cxf.apache.org/schemas/blueprint/core.xsd ">

    <!-- basic auth using karaf users -->
    <bean id="authenticationInterceptor"
        class="org.apache.cxf.interceptor.security.JAASLoginInterceptor">
        <property name="contextName" value="karaf" />
    </bean>
    
	<!-- Define the CXF Endpoint -->
	<cxf:cxfEndpoint id="customerOrderEndpoint"
		address="/fusequickstarts-camelcxf-codefirst/secure/customerorder"
		serviceClass="com.redhat.consulting.fusequickstarts.karaf.soap.secure.service.ws.CustomerOrderService" >
        <cxf:inInterceptors>
            <ref component-id="authenticationInterceptor" />
        </cxf:inInterceptors>
    </cxf:cxfEndpoint>

	<!-- The camel context which registers the route -->
	<camel:camelContext id="fusequickstart-soap-secure-camel"
		xmlns="http://camel.apache.org/schema/blueprint">

		<!-- Package Scanning finds the Routes -->
		<packageScan>
			<package>com.redhat.consulting.fusequickstarts.karaf.soap.secure</package>
		</packageScan>
	</camel:camelContext>

</blueprint>
