<?xml version="1.0" encoding="UTF-8"?>
<blueprint xmlns="http://www.osgi.org/xmlns/blueprint/v1.0.0"
	xmlns:xsi="http://www.w3.org/2001/XMLSchema-instance"
	xsi:schemaLocation="
           http://www.osgi.org/xmlns/blueprint/v1.0.0 http://www.osgi.org/xmlns/blueprint/v1.0.0/blueprint.xsd">

	<bean id="remoteClient"
		class="com.redhat.consulting.fusequickstarts.karaf.infinispan.RemoteClient"
		init-method="start">
		<property name="host" value="localhost" />
	</bean>

	<camelContext id="remote-producer"
		xmlns="http://camel.apache.org/schema/blueprint">

		<packageScan>
			<package>com.redhat.consulting.fusequickstarts.karaf.infinispan</package>
		</packageScan>
	</camelContext>
</blueprint>