<?xml version="1.0" encoding="UTF-8"?>
<blueprint xmlns="http://www.osgi.org/xmlns/blueprint/v1.0.0"
           xmlns:xsi="http://www.w3.org/2001/XMLSchema-instance"
           xmlns:cm="http://aries.apache.org/blueprint/xmlns/blueprint-cm/v1.1.0"
           xsi:schemaLocation="
         http://www.osgi.org/xmlns/blueprint/v1.0.0 https://www.osgi.org/xmlns/blueprint/v1.0.0/blueprint.xsd
         http://camel.apache.org/schema/blueprint http://camel.apache.org/schema/blueprint/camel-blueprint.xsd
         http://aries.apache.org/blueprint/xmlns/blueprint-cm/v1.1.0 http://aries.apache.org/schemas/blueprint-cm/blueprint-cm-1.1.0.xsd">

    <cm:property-placeholder id="myblue" persistent-id="com.asodc.karaf.PropertyEncryption" update-strategy="reload">
        <cm:default-properties>
            <cm:property name="password" value="ENC(3KvXtuv/i8vJBrfhrR+4fw==)" />
        </cm:default-properties>
    </cm:property-placeholder>

    <!-- RouteBuilder bean -->
    <bean id="propertyEncryption" class="com.asodc.karaf.PropertyEncryption"/>

    <!-- define the jasypt properties parser with the given password to be used -->
    <bean id="jasypt" class="org.apache.camel.component.jasypt.JasyptPropertiesParser">
        <!-- This gets the master password from an environment variable -->
<!--        <property name="password" value="sysenv:CAMEL_ENCRYPTION_PASSWORD"/>-->
        <!-- This gets the master password from a system property -->
        <property name="password" value="sys:CAMEL_ENCRYPTION_PASSWORD"/>
    </bean>

    <!-- CamelContext and routeBuilder injection -->
    <camelContext xmlns="http://camel.apache.org/schema/blueprint" id="com.asodc.karaf.PropertyEncryption">
        <propertyPlaceholder id="properties"
                             location="blueprint:myblue"
                             propertiesParserRef="jasypt"/>

        <routeBuilder ref="propertyEncryption"/>
    </camelContext>
</blueprint>
