<?xml version="1.0" encoding="ASCII"?>
<!--

     Copyright 2005-2018 Red Hat, Inc.

     Red Hat licenses this file to you under the Apache License, version
     2.0 (the "License"); you may not use this file except in compliance
     with the License.  You may obtain a copy of the License at

        http://www.apache.org/licenses/LICENSE-2.0

     Unless required by applicable law or agreed to in writing, software
     distributed under the License is distributed on an "AS IS" BASIS,
     WITHOUT WARRANTIES OR CONDITIONS OF ANY KIND, either express or
     implied.  See the License for the specific language governing
     permissions and limitations under the License.

-->
<BAPI_FLCUST_GETLIST:Response xmlns:BAPI_FLCUST_GETLIST="http://sap.fusesource.org/rfc/quickstartServer/BAPI_FLCUST_GETLIST">
  <CUSTOMER_LIST>
    <row CUSTOMERID="00000000" CUSTNAME="Fred Flintstone" FORM="Mr." STREET="123 Rubble Lane" POSTCODE="01234" CITY="Bedrock" COUNTR="US" PHONE="800-555-1212" EMAIL="fred@bedrock.com"/>
    <row CUSTOMERID="00000001" CUSTNAME="Barney Rubble" FORM="Mr." STREET="123 Pebble Road" POSTCODE="98765" CITY="Flagstone" COUNTR="US" PHONE="800-555-1313" EMAIL="barney@flagstone.com"/>
    <row CUSTOMERID="00000002" CUSTNAME="Wilma Flintstone" FORM="Mrs." STREET="123 Rubble Lane" POSTCODE="01234" CITY="Bedrock" COUNTR="US" PHONE="800-555-1212" EMAIL="wilma@bedrock.com"/>
    <row CUSTOMERID="00000003" CUSTNAME="Betty Rubble" FORM="Mrs." STREET="123 Pebble Road" POSTCODE="98765" CITY="Flagstone" COUNTR="US" PHONE="800-555-1313" EMAIL="betty@flagstone.com"/>
  </CUSTOMER_LIST>
  <RETURN>
    <row TYPE="S" ID="BC_IBF" MESSAGE="Method was executed successfully" LOG_MSG_NO="000000"/>
  </RETURN>
</BAPI_FLCUST_GETLIST:Response>
