<?xml version="1.0" encoding="UTF-8"?>

<features name="features-${project.version}" version="${project.version}">

  <!-- You can put configuration here and use it the same way as the properties project uses a specific file -->
  <feature name="my-config" version="${project.version}">
    <config name="custom">
      default.timer=300000
    </config>
  </feature>
  <!-- A feature for the dependencies of the services -->
  <feature name="my-dependencies" version="${project.version}">
    <feature>camel-core</feature>
    <feature>camel-restlet</feature>
    <feature>camel-http4</feature>
    <feature>camel-jackson</feature>
    <bundle>wrap:mvn:org.apache.geronimo.specs/geronimo-ws-metadata_2.0_spec/1.1.3$Bundle-SymbolicName=Geronimo&amp;Bundle-Version=2.0</bundle>
  </feature>
  
  <!-- Your services to install -->
  <feature name="my-services" version="${project.version}">
    <feature>my-dependencies</feature>
    <bundle>mvn:com.redhat.consulting.fusequickstarts.karaf/rest-dsl/${project.version}</bundle>
    <bundle>mvn:com.redhat.consulting.fusequickstarts.karaf/properties/${project.version}</bundle>
    <bundle>mvn:com.redhat.consulting.fusequickstarts.karaf/soap/${project.version}</bundle>
  </feature>

</features>