<?xml version="1.0" encoding="UTF-8"?>

<features name="features-${project.version}" version="${project.version}">

  <!-- You can put configuration here and use it the same way as the properties project uses a specific file -->
  <feature name="sharedOsgiServiceConfig" version="${project.version}">
    <config name="custom">
      default.timer=300000
    </config>
  </feature>
  
  <!-- A feature for the dependencies of the services -->
  <feature name="sharedOsgiServiceDependencies" version="${project.version}">
    <feature>camel-core</feature>
  </feature>
  
  <!-- Your services to install -->
  <feature name="sharedOsgiService" version="${project.version}">
    <feature>sharedOsgiServiceDependencies</feature>
    <bundle>mvn:com.redhat.consulting.fusequickstarts.karaf.osgi_service/osgi_service/${project.version}</bundle>
    <bundle>mvn:com.redhat.consulting.fusequickstarts.karaf.osgi_service/osgi_consumer/${project.version}</bundle>
  </feature>

</features>