<?xml version="1.0" encoding="UTF-8"?>
<blueprint xmlns="http://www.osgi.org/xmlns/blueprint/v1.0.0"
	xmlns:xsi="http://www.w3.org/2001/XMLSchema-instance" xmlns:jpa="http://aries.apache.org/xmlns/jpa/v1.0.0"
	xmlns:tx="http://aries.apache.org/xmlns/transactions/v1.1.0"
	xmlns:camel="http://camel.apache.org/schema/blueprint"
	xsi:schemaLocation="
           http://www.osgi.org/xmlns/blueprint/v1.0.0 http://www.osgi.org/xmlns/blueprint/v1.0.0/blueprint.xsd">

	<reference id="transactionManager"
		interface="org.springframework.transaction.PlatformTransactionManager" />

	<reference id="datasource"
		interface="javax.sql.DataSource"
		filter="(osgi.jndi.service.name=jdbc/h2ds)" />

	<bean id="propagation_required" class="org.apache.camel.spring.spi.SpringTransactionPolicy">
		<property name="propagationBehaviorName" value="PROPAGATION_REQUIRED"/>
		<property name="transactionManager" ref="transactionManager" />
	</bean>

	<camel:camelContext id="camel"
		xmlns="http://camel.apache.org/schema/blueprint">
		<packageScan>
			<package>org.redhat.consulting.fusequickstarts.karaf.jdbc.route</package>
		</packageScan>
	</camel:camelContext>
</blueprint>
