<?xml version="1.0" encoding="UTF-8"?>
<!--

     Copyright 2005-2018 Red Hat, Inc.

     Red Hat licenses this file to you under the Apache License, version
     2.0 (the "License"); you may not use this file except in compliance
     with the License.  You may obtain a copy of the License at

        http://www.apache.org/licenses/LICENSE-2.0

     Unless required by applicable law or agreed to in writing, software
     distributed under the License is distributed on an "AS IS" BASIS,
     WITHOUT WARRANTIES OR CONDITIONS OF ANY KIND, either express or
     implied.  See the License for the specific language governing
     permissions and limitations under the License.

-->
<blueprint xmlns="http://www.osgi.org/xmlns/blueprint/v1.0.0"
        xmlns:xsi="http://www.w3.org/2001/XMLSchema-instance"
        xsi:schemaLocation="
            http://www.osgi.org/xmlns/blueprint/v1.0.0 https://www.osgi.org/xmlns/blueprint/v1.0.0/blueprint.xsd
            http://camel.apache.org/schema/blueprint http://camel.apache.org/schema/blueprint/camel-blueprint-2.21.0.xsd">

    <bean id="keycloakConfigResolver" class="org.keycloak.adapters.osgi.BundleBasedKeycloakConfigResolver">
        <property name="bundleContext" ref="blueprintBundleContext" />
        <!-- loaded using org.osgi.framework.Bundle.getResource() -->
        <property name="configLocation" value="/camel-keycloak.json" />
    </bean>

    <bean id="hello" class="org.jboss.fuse.quickstarts.security.keycloak.camel.CamelHelloProcessor" />

    <camelContext xmlns="http://camel.apache.org/schema/blueprint">
        <restConfiguration component="undertow-keycloak" contextPath="/restdsl" port="8484">
            <endpointProperty key="configResolver" value="#keycloakConfigResolver" />
            <endpointProperty key="allowedRoles" value="admin" />
        </restConfiguration>

        <rest path="/info">
            <description>Information about authenticated user</description>
            <get outType="java.lang.String">
                <to uri="bean:hello" />
            </get>
        </rest>
    </camelContext>

</blueprint>
