<?xml version="1.0" encoding="UTF-8"?>
<blueprint xmlns="http://www.osgi.org/xmlns/blueprint/v1.0.0"
	xmlns:xsi="http://www.w3.org/2001/XMLSchema-instance" xmlns:cm="http://aries.apache.org/blueprint/xmlns/blueprint-cm/v1.0.0"
	xmlns:jaxws="http://cxf.apache.org/blueprint/jaxws" xmlns:camel="http://camel.apache.org/schema/blueprint"
	xsi:schemaLocation="
             http://www.osgi.org/xmlns/blueprint/v1.0.0 http://www.osgi.org/xmlns/blueprint/v1.0.0/blueprint.xsd
             http://cxf.apache.org/blueprint/jaxws http://cxf.apache.org/schemas/blueprint/jaxws.xsd
             http://cxf.apache.org/blueprint/core http://cxf.apache.org/schemas/blueprint/core.xsd
             ">

	<!-- The camel context which registers the route -->
	<camel:camelContext id="fusequickstart-amq"
		xmlns="http://camel.apache.org/schema/blueprint">
    
		<!-- Package Scanning finds the Routes -->
		<packageScan>
			<package>com.redhat.consulting.fusequickstarts.karaf.amq.route</package>
		</packageScan>
	</camel:camelContext>
  
  <!-- Configures the activemq component and authentication -->
  <bean id="activemq" class="org.apache.activemq.camel.component.ActiveMQComponent">
    <property name="brokerURL" value="tcp://localhost:61616"/>
    <property name="userName" value="admin"/>
    <property name="password" value="admin"/>
  </bean>

</blueprint>