<?xml version="1.0" encoding="UTF-8"?>
<settings xmlns="http://maven.apache.org/SETTINGS/1.0.0" xmlns:xsi="http://www.w3.org/2001/XMLSchema-instance" xsi:schemaLocation="http://maven.apache.org/SETTINGS/1.0.0 http://maven.apache.org/xsd/settings-1.0.0.xsd">
  <profiles>
    <profile>
      <repositories>
        <repository>
          <releases />
          <snapshots>
            <enabled>false</enabled>
          </snapshots>
          <id>redhat-ga-repository</id>
          <name>redhat-ga-repository</name>
          <url>https://maven.repository.redhat.com/ga</url>
        </repository>
      </repositories>
      <pluginRepositories>
        <pluginRepository>
          <releases />
          <snapshots>
            <enabled>false</enabled>
          </snapshots>
          <id>redhat-ga-repository</id>
          <name>redhat-ga-repository</name>
          <url>https://maven.repository.redhat.com/ga</url>
        </pluginRepository>
      </pluginRepositories>
      <id>removed-by-pme</id>
    </profile>
  </profiles>
  <activeProfiles>
    <activeProfile>removed-by-pme</activeProfile>
  </activeProfiles>
</settings>
