<?xml version="1.0" encoding="UTF-8"?>

<features name="features-${project.version}" version="${project.version}">

  <!-- You can put configuration here and use it the same way as the properties project uses a specific file -->
  <feature name="sharedComponentConfig" version="${project.version}">
    <config name="custom">
      default.timer=300000
    </config>
  </feature>
  <!-- A feature for the dependencies of the services -->
  <feature name="my-dependencies" version="${project.version}">
    <feature>camel-core</feature>
  </feature>
  
  <!-- Your services to install -->
  <feature name="sharedAmqExample" version="${project.version}">
    <feature>my-dependencies</feature>
    <bundle>mvn:com.redhat.consulting.fusequickstarts.karaf.shared_component/amq_route/${project.version}</bundle>
    <bundle>mvn:com.redhat.consulting.fusequickstarts.karaf.shared_component/shared_amq/${project.version}</bundle>
  </feature>

</features>