<?xml version="1.0" encoding="UTF-8"?>
<!--

     Copyright 2005-2018 Red Hat, Inc.

     Red Hat licenses this file to you under the Apache License, version
     2.0 (the "License"); you may not use this file except in compliance
     with the License.  You may obtain a copy of the License at

        http://www.apache.org/licenses/LICENSE-2.0

     Unless required by applicable law or agreed to in writing, software
     distributed under the License is distributed on an "AS IS" BASIS,
     WITHOUT WARRANTIES OR CONDITIONS OF ANY KIND, either express or
     implied.  See the License for the specific language governing
     permissions and limitations under the License.

-->
<!--
   This is the OSGi Blueprint XML file defining the CXF JAX-RS beans.  Because the file is in the
   OSGI-INF/blueprint directory inside our JAR, it will be automatically activated as soon as the artifact is installed.

   The root element for any OSGi Blueprint file is 'blueprint' - you also see the namespace definitions for both the Blueprint
   and the CXF JAX-RS namespaces.
-->
<blueprint xmlns="http://www.osgi.org/xmlns/blueprint/v1.0.0"
           xmlns:xsi="http://www.w3.org/2001/XMLSchema-instance"
           xmlns:jaxrs="http://cxf.apache.org/blueprint/jaxrs"
           xsi:schemaLocation="
      http://www.osgi.org/xmlns/blueprint/v1.0.0 https://www.osgi.org/xmlns/blueprint/v1.0.0/blueprint.xsd
      http://cxf.apache.org/blueprint/jaxrs http://cxf.apache.org/schemas/blueprint/jaxrs.xsd">

    <!--
      The <jaxrs:server/> element is used to set up our JAX-RS services.  It defines:
      - the server's address, '/securecrm', relative to the default CXF servlet URI
        with the default settings, the server will be running on 'http://localhost:8181/cxf/securecrm'
      - a list of service beans
        in this example, we refer to another bean defined in this Blueprint XML file with a <ref/> element
      - a list of interceptors that are being applied to the inbound request
        in this example, we refer to another bean defined in this Blueprint XML file with a <ref/> element
    -->
    <jaxrs:server id="customerService" address="/securecrm">
        <jaxrs:serviceBeans>
            <ref component-id="customerSvc"/>
        </jaxrs:serviceBeans>
        <jaxrs:providers>
            <ref component-id="authenticationFilter"/>
        </jaxrs:providers>
        <jaxrs:features>
            <bean class="org.apache.cxf.jaxrs.swagger.Swagger2Feature">
                <property name="title" value="Fuse:CXF:Quickstarts - Customer Service" />
                <property name="description" value="Sample REST-based Customer Service, secured with JAAS realm" />
                <property name="version" value="${project.version}" />
            </bean>
        </jaxrs:features>
    </jaxrs:server>

    <!--
       We are using the OSGi Blueprint XML syntax to define a bean that we referred to in our JAX-RS server setup before.
       This bean carries a set of JAX-RS annotations that allow its methods to be mapped to incoming requests.
    -->
    <bean id="customerSvc" class="org.jboss.fuse.quickstarts.cxf.rest.secure.CustomerService"/>

    <!--
       We are using the OSGi Blueprint XML syntax to define a bean that we referred to in our JAX-RS server setup before.
       This bean is a CXF interceptor that ensures that a request has been authenticated before allowing it to pass. For
       performing the authentication, this interceptor will delegate to JAAS, using the realm name 'karaf'.  This will allow
       it to reuse the same authentication mechanism that is being used to secure other ESB facilities, such as the remote
       SSH shell and the webconsole.
    -->

    <bean id="authenticationFilter" class="org.apache.cxf.jaxrs.security.JAASAuthenticationFilter">
        <!-- Name of the JAAS Context -->
        <property name="contextName" value="karaf"/>
    </bean>
</blueprint>
