<?xml version="1.0" encoding="UTF-8"?>
<blueprint xmlns="http://www.osgi.org/xmlns/blueprint/v1.0.0"
           xmlns:xsi="http://www.w3.org/2001/XMLSchema-instance"
           xmlns:cm="http://aries.apache.org/blueprint/xmlns/blueprint-cm/v1.1.0"
           xsi:schemaLocation="
         http://www.osgi.org/xmlns/blueprint/v1.0.0 https://www.osgi.org/xmlns/blueprint/v1.0.0/blueprint.xsd
         http://camel.apache.org/schema/blueprint http://camel.apache.org/schema/blueprint/camel-blueprint.xsd
         http://aries.apache.org/blueprint/xmlns/blueprint-cm/v1.1.0 http://aries.apache.org/schemas/blueprint-cm/blueprint-cm-1.1.0.xsd">

    <cm:property-placeholder persistent-id="com.asodc.karaf.LogSpammer" update-strategy="reload">
        <cm:default-properties>
            <cm:property name="message" value="Hi from Camel!" />
        </cm:default-properties>
    </cm:property-placeholder>

    <!-- RouteBuilder bean -->
    <bean id="logSpammer" class="com.asodc.karaf.LogSpammer"/>

    <!-- CamelContext and routeBuilder injection -->
    <camelContext xmlns="http://camel.apache.org/schema/blueprint" id="com.asodc.karaf.LogSpammer">
        <routeBuilder ref="logSpammer"/>
    </camelContext>
</blueprint>
