<?xml version="1.0"?>
<!--

     Copyright 2005-2018 Red Hat, Inc.

     Red Hat licenses this file to you under the Apache License, version
     2.0 (the "License"); you may not use this file except in compliance
     with the License.  You may obtain a copy of the License at

        http://www.apache.org/licenses/LICENSE-2.0

     Unless required by applicable law or agreed to in writing, software
     distributed under the License is distributed on an "AS IS" BASIS,
     WITHOUT WARRANTIES OR CONDITIONS OF ANY KIND, either express or
     implied.  See the License for the specific language governing
     permissions and limitations under the License.

-->
<blueprint xmlns="http://www.osgi.org/xmlns/blueprint/v1.0.0" xmlns:xsi="http://www.w3.org/2001/XMLSchema-instance"
        xsi:schemaLocation="http://www.osgi.org/xmlns/blueprint/v1.0.0 https://www.osgi.org/xmlns/blueprint/v1.0.0/blueprint.xsd">

    <!--
        This Blueprint XML shows other _deployment_ method for connection factory configuration.
        With this method, we use pax-jms-config 1.0.0+, but without a need to use configuration admin factory PID
        We need:
         - jms feature
         - pax-jms-config feature
         - pax-jms-artemis feature
         - pax-jms-pool-pooledjms feature

        This Blueprint XML can be directly dropped to ${karaf.home}/deploy or archived in typical /OSGI-INF/blueprint
        directory and installed as normal bundle.

        We configure broker-specific (XA) connection factory directly as Blueprint bean
        (as it was recommended with Fuse 6.x) and specify some properties that'll make this connection factory eligible
        for "wrapping" by pax-jms-config (since 1.0.0).
    -->

    <!--
        Broker-specific, non-pooling, non-enlisting javax.jms.XAConnectionFactory
    -->
    <bean id="artemis" class="org.apache.activemq.artemis.jms.client.ActiveMQXAConnectionFactory">
        <argument value="tcp://localhost:61616" />
        <property name="callTimeout" value="2000" />
        <property name="initialConnectAttempts" value="3" />
    </bean>

    <!--
        Expose broker-specific connection factory with service properties
        No need to expose pooling, enlisting, non broker-specific javax.jms.XAConnectionFactory - it'll be registered
        automatically by pax-jms-config with the same properties as this <service>, but with higher service.ranking
    -->
    <service id="pool" ref="artemis" interface="javax.jms.XAConnectionFactory">
        <service-properties>
            <!-- "pool" key is needed for pax-jms-config to wrap broker-specific connection factory inside connection pool -->
            <entry key="pool" value="pooledjms" />
            <!-- <service>/@id attribute doesn't propagate, but name of the connection factory is required using one of: -->
            <entry key="osgi.jndi.service.name" value="jms/artemis" />
            <!-- or: -->
            <!--<entry key="name" value="jms/artemis" />-->
            <!-- Other properties, that normally are needed by e.g., pax-jms-pool-pooledjms -->
            <entry key="pool.maxConnections" value="10" />
            <entry key="pool.connectionIdleTimeout" value="10000" />
        </service-properties>
    </service>

</blueprint>
