<?xml version="1.0" encoding="UTF-8"?>
<infinispan xmlns:xsi="http://www.w3.org/2001/XMLSchema-instance"
	xsi:schemaLocation="urn:infinispan:config:6.0 http://www.infinispan.org/schemas/infinispan-config-6.0.xsd"
	xmlns="urn:infinispan:config:6.0">

	<global>
		<globalJmxStatistics enabled="true" jmxDomain="Infinispan"
			allowDuplicateDomains="true" />

		<transport>
			<properties>
				<property name="configurationFile" value="jgroups-tcp-sample.xml" />
			</properties>
		</transport>
	</global>

	<default>
		<jmxStatistics enabled="true" />
		<clustering mode="replication">
			<sync />
		</clustering>
	</default>

</infinispan>