<?xml version="1.0" encoding="UTF-8"?>
<!--

     Copyright 2005-2018 Red Hat, Inc.

     Red Hat licenses this file to you under the Apache License, version
     2.0 (the "License"); you may not use this file except in compliance
     with the License.  You may obtain a copy of the License at

        http://www.apache.org/licenses/LICENSE-2.0

     Unless required by applicable law or agreed to in writing, software
     distributed under the License is distributed on an "AS IS" BASIS,
     WITHOUT WARRANTIES OR CONDITIONS OF ANY KIND, either express or
     implied.  See the License for the specific language governing
     permissions and limitations under the License.

-->
<blueprint xmlns="http://www.osgi.org/xmlns/blueprint/v1.0.0"
        xmlns:xsi="http://www.w3.org/2001/XMLSchema-instance"
        xmlns:jaxrs="http://cxf.apache.org/blueprint/jaxrs"
        xmlns:jaxws="http://cxf.apache.org/blueprint/jaxws"
        xmlns:cxf="http://cxf.apache.org/blueprint/core"
        xmlns:httpu="http://cxf.apache.org/transports/http-undertow/configuration"
        xsi:schemaLocation="
            http://www.osgi.org/xmlns/blueprint/v1.0.0 https://www.osgi.org/xmlns/blueprint/v1.0.0/blueprint.xsd
            http://cxf.apache.org/blueprint/jaxrs http://cxf.apache.org/schemas/blueprint/jaxrs.xsd
            http://cxf.apache.org/transports/http-undertow/configuration http://cxf.apache.org/schemas/configuration/http-undertow.xsd
            http://cxf.apache.org/blueprint/core http://cxf.apache.org/schemas/blueprint/core.xsd">

    <bean id="jaxWsService" class="org.jboss.fuse.quickstarts.security.keycloak.cxf.JaxWsService" />
    <bean id="jaxRsService" class="org.jboss.fuse.quickstarts.security.keycloak.cxf.JaxRsService" />

    <jaxws:server id="embeddedJaxWs" serviceBean="#jaxWsService" address="/jaxws" />

    <jaxws:server id="externalJaxWs" serviceBean="#jaxWsService" address="http://localhost:8282/jaxws"
            depends-on="kc-cxf-endpoint-config" />

    <jaxrs:server id="embeddedJaxRs" address="/jaxrs">
        <jaxrs:serviceBeans>
            <ref component-id="jaxRsService" />
        </jaxrs:serviceBeans>
        <jaxrs:providers>
            <bean class="com.fasterxml.jackson.jaxrs.json.JacksonJsonProvider" />
        </jaxrs:providers>
    </jaxrs:server>

    <jaxrs:server id="externalJaxRs" address="http://localhost:8282/jaxrs"
            depends-on="kc-cxf-endpoint-config">
        <jaxrs:serviceBeans>
            <ref component-id="jaxRsService" />
        </jaxrs:serviceBeans>
        <jaxrs:providers>
            <bean class="com.fasterxml.jackson.jaxrs.json.JacksonJsonProvider" />
        </jaxrs:providers>
    </jaxrs:server>

    <httpu:engine-factory id="kc-cxf-endpoint-config">
        <httpu:engine port="8282">
            <httpu:handlers>
                <bean class="org.keycloak.adapters.osgi.undertow.CxfKeycloakAuthHandler">
                    <property name="configResolver">
                        <bean class="org.keycloak.adapters.osgi.PathBasedKeycloakConfigResolver" />
                    </property>
                </bean>
            </httpu:handlers>
        </httpu:engine>
    </httpu:engine-factory>

</blueprint>
