<?xml version="1.0" encoding="UTF-8"?>
<blueprint xmlns="http://www.osgi.org/xmlns/blueprint/v1.0.0"
	xmlns:xsi="http://www.w3.org/2001/XMLSchema-instance" xmlns:camel="http://camel.apache.org/schema/blueprint"
	xsi:schemaLocation="
             http://www.osgi.org/xmlns/blueprint/v1.0.0 http://www.osgi.org/xmlns/blueprint/v1.0.0/blueprint.xsd
             http://cxf.apache.org/blueprint/core http://cxf.apache.org/schemas/blueprint/core.xsd
             ">

	<bean id="loginService" class="org.eclipse.jetty.plus.jaas.JAASLoginService">
		<property name="name" value="karaf" />
		<property name="loginModuleName" value="karaf" />
		<property name="roleClassNames">
			<list>
				<value>org.apache.karaf.jaas.boot.principal.RolePrincipal</value>
			</list>
		</property>
	</bean>

	<bean id="identityService" class="org.eclipse.jetty.security.DefaultIdentityService" />

	<bean id="constraint" class="org.eclipse.jetty.util.security.Constraint">
		<property name="name" value="BASIC" />
		<property name="roles">
			<list>
				<value>Administrator</value>
			</list>
		</property>
		<property name="authenticate" value="true" />
	</bean>

	<bean id="constraintMapping" class="org.eclipse.jetty.security.ConstraintMapping">
		<property name="constraint" ref="constraint" />
		<property name="pathSpec" value="/*" />
	</bean>

	<bean id="securityHandler" class="org.eclipse.jetty.security.ConstraintSecurityHandler">
		<property name="authenticator">
			<bean class="org.eclipse.jetty.security.authentication.BasicAuthenticator" />
		</property>
		<property name="constraintMappings">
			<list>
				<ref component-id="constraintMapping" />
			</list>
		</property>
		<property name="loginService" ref="loginService" />
		<property name="strict" value="false" />
		<property name="identityService" ref="identityService" />
	</bean>

	<!-- The camel context which registers the route -->
	<camel:camelContext id="fusequickstart-restdsl-camel"
		xmlns="http://camel.apache.org/schema/blueprint">
				<!-- Package Scanning finds the Routes -->
		<packageScan>
			<package>com.redhat.consulting.fusequickstarts.karaf.rest.auth.basic.dsl.route</package>
		</packageScan>
	</camel:camelContext>

</blueprint>