<?xml version="1.0" encoding="UTF-8"?>
<blueprint xmlns="http://www.osgi.org/xmlns/blueprint/v1.0.0"
	xmlns:xsi="http://www.w3.org/2001/XMLSchema-instance" xmlns:cm="http://aries.apache.org/blueprint/xmlns/blueprint-cm/v1.1.0"
	xmlns:jaxws="http://cxf.apache.org/blueprint/jaxws" xmlns:camel="http://camel.apache.org/schema/blueprint"
	xmlns:enc="http://karaf.apache.org/xmlns/jasypt/v1.0.0"
	xsi:schemaLocation="
             http://www.osgi.org/xmlns/blueprint/v1.0.0 http://www.osgi.org/xmlns/blueprint/v1.0.0/blueprint.xsd
             http://cxf.apache.org/blueprint/jaxws http://cxf.apache.org/schemas/blueprint/jaxws.xsd
             http://cxf.apache.org/blueprint/core http://cxf.apache.org/schemas/blueprint/core.xsd
             http://karaf.apache.org/xmlns/jasypt/v1.0.0 http://karaf.apache.org/xmlns/jasypt/v1.0.0
             ">

	<!-- Property Placeholder for Config Admin Service -->
	<!-- Set update-strategy to reload if you want the properties to automatically 
		reload when changed -->
	<cm:property-placeholder id="blueprintProperties"
		persistent-id="com.redhat.consulting.fusequickstarts.karaf.properties.enc"
		update-strategy="reload" />

	<!--  Create the Jasypt Encrypter that Blueprint will use -->
	<enc:property-placeholder>
		<enc:encryptor class="org.jasypt.encryption.pbe.StandardPBEStringEncryptor">
			<property name="config">
				<bean class="org.jasypt.encryption.pbe.config.EnvironmentStringPBEConfig">
					<property name="algorithm" value="PBEWithMD5AndDES" />
					<property name="passwordEnvName" value="JASYPT_ENCRYPTION_PASSWORD" />
				</bean>
			</property>
		</enc:encryptor>
	</enc:property-placeholder>
		
	<!-- Create the Jasypt Parser that the Camel Jasypt Component will use -->
    <bean id="jasypt" class="org.apache.camel.component.jasypt.JasyptPropertiesParser">
    	<!-- Tell Jasypt to use the Environment Variable -->
        <property name="password" value="sysenv:JASYPT_ENCRYPTION_PASSWORD"/>
    </bean>

	<!-- The bean for our route -->
	<bean id="encPropertiesRoute"
		class="com.redhat.consulting.fusequickstarts.karaf.properties.encryption.route.EncryptedPropertiesRoute">
		<property name="message" value="${test.message.enc}" />
	</bean>

	<!-- The camel context which registers the route -->
	<camel:camelContext id="fusequickstart-enc-properties-camel"
		xmlns="http://camel.apache.org/schema/blueprint">
		
		<!-- Camel Property Placeholder that uses Jasypt -->
		<propertyPlaceholder id="camelProperties"
                           location="blueprint:blueprintProperties"
                           propertiesParserRef="jasypt"/>
		
		<camel:routeBuilder ref="encPropertiesRoute" />
	</camel:camelContext>

</blueprint>